1.3033268318829265,1.3033268318829265,0.5426967407563139,0.5426967407563139,0.33552560271906806,0.33552560271906806,0.2406081881031411,0.2406081881031411,0.18610813836765105,0.18610813836765105,0.15299426121605314,0.15299426121605314,0.1335376091148726,0.1335376091148726,0.12047497933109078,0.12047497933109078,0.1128012241453551,0.1128012241453551,0.10783424362413445,0.10783424362413445,0.10588429512407614,0.10588429512407614,0.10395032296337382,0.10395032296337382,0.1036936617823378,0.1036936617823378,0.10426358962701819,0.10426358962701819,0.10606248043416215,0.10606248043416215,0.10865352546599767,0.10865352546599767,0.11249110597178448,0.11249110597178448,0.11611036997280033,0.11611036997280033,0.12000226418517859,0.12000226418517859,0.1253721458278376,0.1253721458278376,0.1301481351167802,0.1301481351167802,0.1356385349085078,0.1356385349085078,0.1411839586287748,0.1411839586287748,0.1472968280714146,0.1472968280714146,0.15620806780108576,0.15620806780108576,0.15685387196014272,0.15685387196014272,0.16848564768982766,0.16848564768982766,0.17600050997879757,0.17600050997879757,0.18301714675579467,0.18301714675579467,0.19049731177232537,0.19049731177232537,0.2000148679679031,0.2000148679679031,0.20745588753161884,0.20745588753161884,0.21701614918978485,0.21701614918978485,0.22526251686240376,0.22526251686240376,0.22796783014603253,0.22796783014603253,0.24454941384870807,0.24454941384870807,0.2529593071834856,0.2529593071834856,0.2655059050643648,0.2655059050643648,0.2752869902236724,0.2752869902236724,0.28703037600151277,0.28703037600151277,0.29758958435414273,0.29758958435414273,0.30866534677356505,0.30866534677356505,0.3205051758432051,0.3205051758432051,0.3327686756976232,0.3327686756976232,0.33720234212686356,0.33720234212686356,0.3583124148224268,0.3583124148224268,0.37122432130982447,0.37122432130982447,0.3860903440569611,0.3860903440569611,0.40129658650088484,0.40129658650088484,0.4156348466459433,0.4156348466459433,0.43289253681201356,0.43289253681201356,0.44727065441183544,0.44727065441183544,0.46335662352322915,0.46335662352322915,0.4804771247721111,0.4804771247721111,0.498378773390792,0.498378773390792,0.5051952273959837,0.5051952273959837,0.5370922519510968,0.5370922519510968,0.5567650982732627,0.5567650982732627,0.5769094810251193,0.5769094810251193,0.5986748803594499,0.5986748803594499,0.6179865139181693,0.6179865139181693,0.6425740118111181,0.6425740118111181,0.6692024608928463,0.6692024608928463,0.6933771441989948,0.6933771441989948,0.7202191205936855,0.7202191205936855,0.7272638264147083,0.7272638264147083,0.7765187646482937,0.7765187646482937,0.8069711069909119,0.8069711069909119,0.8366939037871179,0.8366939037871179,0.8722157031705565,0.8722157031705565,0.905917198697704,0.905917198697704,0.9409745816709776,0.9409745816709776,0.9803718761386705,0.9803718761386705,1.0184132831601744,1.0184132831601744,1.0612661381057429,1.0612661381057429,1.0784556338563829,1.0784556338563829,1.1480768463458697,1.1480768463458697,1.1978337022276955,1.1978337022276955,1.2477008817757234,1.2477008817757234,1.299763817982645,1.299763817982645,1.3541844363380615,1.3541844363380615,1.4082438419299688,1.4082438419299688,1.4639242641043502,1.4639242641043502,1.5210121755482884,1.5210121755482884,1.5804061673173226,1.5804061673173226,1.5956511147924537,1.5956511147924537,1.6922011863115674,1.6922011863115674,1.741618189488597,1.741618189488597,1.7831365170466096,1.7831365170466096,1.8142579214062773,1.8142579214062773,1.8325659985761906,1.8325659985761906,1.8229039792572908,1.8229039792572908,1.7858466035260037,1.7858466035260037,1.7091179224845636,1.7091179224845636,1.5842071586535276,1.5842071586535276,1.3774152277555765,1.3774152277555765,1.1873964067864715,1.1873964067864715,0.9027759449087674,0.9027759449087674,0.15587713353201887,0.15587713353201887,132.5714103520856,132.5714103520856,132.5714103520856
2.5485482901511824,2.5485482901511824,1.2368228039159739,1.2368228039159739,0.9118318269110249,0.9118318269110249,0.762645492704944,0.762645492704944,0.6679338365492163,0.6679338365492163,0.6000881011592324,0.6000881011592324,0.5493276057032199,0.5493276057032199,0.512681004105711,0.512681004105711,0.4808628398808449,0.4808628398808449,0.4557921073690348,0.4557921073690348,0.435116490927197,0.435116490927197,0.41976453620391474,0.41976453620391474,0.4035459388752873,0.4035459388752873,0.39531283412449353,0.39531283412449353,0.3860892806818798,0.3860892806818798,0.3818179706983834,0.3818179706983834,0.3784133033202369,0.3784133033202369,0.3755657633312424,0.3755657633312424,0.3742657994232234,0.3742657994232234,0.375875278547438,0.375875278547438,0.37773236984460906,0.37773236984460906,0.37996087940121237,0.37996087940121237,0.38497502590357346,0.38497502590357346,0.3893701419735481,0.3893701419735481,0.39863698100279016,0.39863698100279016,0.3914785689349949,0.3914785689349949,0.40883934722684845,0.40883934722684845,0.41523134066406014,0.41523134066406014,0.4248503599142411,0.4248503599142411,0.43304204082406733,0.43304204082406733,0.4409234307903348,0.4409234307903348,0.4516594974373116,0.4516594974373116,0.4604097020455311,0.4604097020455311,0.47182840876832416,0.47182840876832416,0.47231556554970866,0.47231556554970866,0.4935487748171075,0.4935487748171075,0.5064568780689633,0.5064568780689633,0.5179997011691679,0.5179997011691679,0.5330798410259004,0.5330798410259004,0.5459879442777446,0.5459879442777446,0.5606957350022126,0.5606957350022126,0.5747208856508573,0.5747208856508573,0.5899251418850036,0.5899251418850036,0.6055638054401318,0.6055638054401318,0.6068825419502305,0.6068825419502305,0.639819925608504,0.639819925608504,0.6559550546733104,0.6559550546733104,0.6720901837381261,0.6720901837381261,0.6938105497869071,0.6938105497869071,0.7149103339485845,0.7149103339485845,0.73476895433605,0.73476895433605,0.7540069928363933,0.7540069928363933,0.7775891045465131,0.7775891045465131,0.8011712162566144,0.8011712162566144,0.8222710004183011,0.8222710004183011,0.8253118516651275,0.8253118516651275,0.8743998789353887,0.8743998789353887,0.9004643181939324,0.9004643181939324,0.9277699212266742,0.9277699212266742,0.9563166880336512,0.9563166880336512,0.9867252005019529,0.9867252005019529,1.0158925491960475,1.0158925491960475,1.0481628073256557,1.0481628073256557,1.0822948111166026,1.0822948111166026,1.118909142455992,1.118909142455992,1.1266353869504766,1.1266353869504766,1.1952407145703077,1.1952407145703077,1.236819701006531,1.236819701006531,1.280260433104121,1.280260433104121,1.323080583314561,1.323080583314561,1.3739682980574504,1.3739682980574504,1.422373685251879,1.422373685251879,1.4738819818818443,1.4738819818818443,1.5278726060602519,1.5278726060602519,1.5862073034484225,1.5862073034484225,1.6070588548552722,1.6070588548552722,1.7103236808700537,1.7103236808700537,1.7754847790164108,1.7754847790164108,1.8462311141467287,1.8462311141467287,1.9182186130512724,1.9182186130512724,1.9964119308269361,1.9964119308269361,2.0789493218122974,2.0789493218122974,2.162727876571876,2.162727876571876,2.243403521895935,2.243403521895935,2.3309055679781916,2.3309055679781916,2.362182895088457,2.362182895088457,2.5139772246750876,2.5139772246750876,2.6039615983058133,2.6039615983058133,2.6852578255169397,2.6852578255169397,2.767174634615235,2.767174634615235,2.8373003878584395,2.8373003878584395,2.8912910120368567,2.8912910120368567,2.929146507150486,2.929146507150486,2.9533492007477236,2.9533492007477236,2.969484329812474,2.969484329812474,2.95151848418071,2.95151848418071,3.2903251654473746,3.2903251654473746,4.473774824162611,4.473774824162611,14.04376810525732,14.04376810525732,135.0386186347347,135.0386186347347,135.0386186347347
4.979388098145309,4.979388098145309,2.452545868368139,2.452545868368139,1.8696641051488554,1.8696641051488554,1.615371404243724,1.615371404243724,1.4598852045939008,1.4598852045939008,1.361078703338599,1.361078703338599,1.2921439350209378,1.2921439350209378,1.2408258297177992,1.2408258297177992,1.2055925036887742,1.2055925036887742,1.181848305712694,1.181848305712694,1.1604019333471998,1.1604019333471998,1.1450830959432763,1.1450830959432763,1.1320620841499418,1.1320620841499418,1.1244026654479782,1.1244026654479782,1.119041072356607,1.119041072356607,1.1198070142268002,1.1198070142268002,1.1205729560969966,1.1205729560969966,1.119041072356607,1.119041072356607,1.1228707817075887,1.1228707817075887,1.1289983166691564,1.1289983166691564,1.1374236772413193,1.1374236772413193,1.1458490378134725,1.1458490378134725,1.152742514645233,1.152742514645233,1.1619338170876088,1.1619338170876088,1.184249792629021,1.184249792629021,1.1559387382389064,1.1559387382389064,1.1978639774496498,1.1978639774496498,1.2132212079297742,1.2132212079297742,1.223203407741856,1.223203407741856,1.2362570536499642,1.2362570536499642,1.252382145654079,1.252382145654079,1.2654357915622063,1.2654357915622063,1.281560883566321,1.281560883566321,1.2976859755704553,1.2976859755704553,1.2809657908852294,1.2809657908852294,1.33377546719874,1.33377546719874,1.349132697678871,1.349132697678871,1.3698649588270249,1.3698649588270249,1.3944365275952406,1.3944365275952406,1.412097342647375,1.412097342647375,1.4328296037955486,1.4328296037955486,1.4558654495157317,1.4558654495157317,1.4765977106638726,1.4765977106638726,1.5042407255281474,1.5042407255281474,1.4890946569670804,1.4890946569670804,1.5572231706845567,1.5572231706845567,1.5848661855487793,1.5848661855487793,1.6117413388889856,1.6117413388889856,1.6393843537532211,1.6393843537532211,1.6693309531894407,1.6693309531894407,1.699277552625686,1.699277552625686,1.7345991827299807,1.7345991827299807,1.767617228262239,1.767617228262239,1.8067781659865374,1.8067781659865374,1.845171242186884,1.845171242186884,1.8312345555261607,1.8312345555261607,1.9204216715394928,1.9204216715394928,1.96495763993184,1.96495763993184,2.004118577656138,2.004118577656138,2.0563331612885567,2.0563331612885567,2.100869129680917,2.100869129680917,2.153851574837378,2.153851574837378,2.2029947123737452,2.2029947123737452,2.256745019054158,2.256745019054158,2.316638217926636,2.316638217926636,2.319364126336877,2.319364126336877,2.440263923291699,2.440263923291699,2.51013932197622,2.51013932197622,2.583854028280835,2.583854028280835,2.659104457633418,2.659104457633418,2.7381941946060953,2.7381941946060953,2.8188196546266884,2.8188196546266884,2.90865945293545,2.90865945293545,3.0031064203881677,3.0031064203881677,3.102928418508986,3.102928418508986,3.1324143010308734,3.1324143010308734,3.3263761219947763,3.3263761219947763,3.4469303812637877,3.4469303812637877,3.582841871012839,3.582841871012839,3.7271998375260043,3.7271998375260043,3.8738613886112576,3.8738613886112576,4.029737277984473,4.029737277984473,4.211720459173929,4.211720459173929,4.4090608708434775,4.4090608708434775,4.62713354366127,4.62713354366127,4.751028000559659,4.751028000559659,5.148511518461484,5.148511518461484,5.464102604828085,5.464102604828085,5.843426197687091,5.843426197687091,6.310286004282809,6.310286004282809,6.911521577579599,6.911521577579599,7.724686931502233,7.724686931502233,8.930229524192033,8.930229524192033,10.918990871368027,10.918990871368027,14.589368956117475,14.589368956117475,21.91342413746954,21.91342413746954,39.52951125583836,39.52951125583836,50.20278643952424,50.20278643952424,11.67149516489396,11.67149516489396,0.01941921794213091,0.01941921794213091,0.01941921794213091
4.995591130852684,4.995591130852684,2.489948265503545,2.489948265503545,1.9327899709849459,1.9327899709849459,1.7012946232624253,1.7012946232624253,1.5671057945825975,1.5671057945825975,1.4933411753083055,1.4933411753083055,1.4446879157869605,1.4446879157869605,1.416437636064892,1.416437636064892,1.3968193862578997,1.3968193862578997,1.3881873563428202,1.3881873563428202,1.3874026263505408,1.3874026263505408,1.388972086335103,1.388972086335103,1.3952499262733404,1.3952499262733404,1.4007430362192923,1.4007430362192923,1.4125139861034905,1.4125139861034905,1.4242849359876888,1.4242849359876888,1.4384100758487175,1.4384100758487175,1.4525352157097633,1.4525352157097633,1.4697992755399107,1.4697992755399107,1.4878480653623491,1.4878480653623491,1.5043273952002227,1.5043273952002227,1.5262998349840482,1.5262998349840482,1.5404249748450767,1.5404249748450767,1.5616126846366456,1.5616126846366456,1.5986621673297816,1.5986621673297816,1.5678079214177856,1.5678079214177856,1.6284622396180604,1.6284622396180604,1.6434094775662542,1.6434094775662542,1.6693704697920508,1.6693704697920508,1.692184675081379,1.692184675081379,1.711852093434244,1.711852093434244,1.7354529954577051,1.7354529954577051,1.7598405942152704,1.7598405942152704,1.781868102770477,1.781868102770477,1.7626333676213797,1.7626333676213797,1.8298566035514918,1.8298566035514918,1.8550308990432074,1.8550308990432074,1.8778451043325066,1.8778451043325066,1.9022327030900952,1.9022327030900952,1.9344872691887833,1.9344872691887833,1.9643817450851704,1.9643817450851704,1.983262466703937,1.983262466703937,2.015517032802637,2.015517032802637,2.045411508699024,2.045411508699024,2.020355217717426,2.020355217717426,2.105200460491764,2.105200460491764,2.141388510261054,2.141388510261054,2.1712829861574177,2.1712829861574177,2.2066843391925923,2.2066843391925923,2.2373655118230493,2.2373655118230493,2.2782737419970682,2.2782737419970682,2.315248488500451,2.315248488500451,2.3537966284721112,2.3537966284721112,2.3962782521142927,2.3962782521142927,2.4379731790224164,2.4379731790224164,2.4215115498610444,2.4215115498610444,2.5300166969138673,2.5300166969138673,2.578005197694894,2.578005197694894,2.6220602148053067,2.6220602148053067,2.6747688959910048,2.6747688959910048,2.7298376673790616,2.7298376673790616,2.786479832235373,2.786479832235373,2.8431219970916377,2.8431219970916377,2.906844432554933,2.906844432554933,2.9752870484229232,2.9752870484229232,2.96073315884181,2.96073315884181,3.1137456736272267,3.1137456736272267,3.189268560102201,3.189268560102201,3.273445110652575,3.273445110652575,3.3591950546710425,3.3591950546710425,3.4457316954237753,3.4457316954237753,3.5401353035175043,3.5401353035175043,3.648699452825363,3.648699452825363,3.7549035119309093,3.7549035119309093,3.8807749893892916,3.8807749893892916,3.904946246545051,3.904946246545051,4.141171608381364,4.141171608381364,4.2867105041926745,4.2867105041926745,4.448770031420358,4.448770031420358,4.627350190064439,4.627350190064439,4.834251431136756,4.834251431136756,5.057673303625376,5.057673303625376,5.311776348744477,5.311776348744477,5.614654591378754,5.614654591378754,5.958441064187004,5.958441064187004,6.212937457673318,6.212937457673318,6.873369365962784,6.873369365962784,7.4940730891795955,7.4940730891795955,8.283916610230982,8.283916610230982,9.330223266603944,9.330223266603944,10.706942551305199,10.706942551305199,12.508478072428456,12.508478072428456,14.65616015656278,14.65616015656278,16.198085755428092,16.198085755428092,14.333614495575345,14.333614495575345,6.953887776699457,6.953887776699457,1.1068823048998169,1.1068823048998169,0.020343977544166704,0.020343977544166704,0.,0.,0.,0.,0.
4.23817991621325,4.23817991621325,2.1363758235416817,2.1363758235416817,1.679871831824976,1.679871831824976,1.4983702447568905,1.4983702447568905,1.4017265425518057,1.4017265425518057,1.351440388558917,1.351440388558917,1.32708303271861,1.32708303271861,1.3145114942203902,1.3145114942203902,1.3176543788449395,1.3176543788449395,1.3215829846256368,1.3215829846256368,1.3325830808115808,1.3325830808115808,1.3435831769975293,1.3435831769975293,1.3600833212764416,1.3600833212764416,1.3757977443992195,1.3757977443992195,1.3946550521465602,1.3946550521465602,1.4142980810500243,1.4142980810500243,1.43786971573419,1.43786971573419,1.4606556292622235,1.4606556292622235,1.4857987062586675,1.4857987062586675,1.5038702928498624,1.5038702928498624,1.529013369846315,1.529013369846315,1.5525850045304674,1.5525850045304674,1.5824424084637454,1.5824424084637454,1.6005139950549583,1.6005139950549583,1.645233147272387,1.645233147272387,1.6143320535828185,1.6143320535828185,1.6832943465351804,1.6832943465351804,1.7085004387621938,1.7085004387621938,1.7344942213713008,1.7344942213713008,1.7581249328341266,1.7581249328341266,1.7793925731506433,1.7793925731506433,1.8069617365239743,1.8069617365239743,1.8313801383688577,1.8313801383688577,1.8526477786854105,1.8526477786854105,1.8362835109974274,1.8362835109974274,1.9093614861961792,1.9093614861961792,1.9337798880411257,1.9337798880411257,1.9597736706502058,1.9597736706502058,1.985767453259322,1.985767453259322,2.0172750685430954,2.0172750685430954,2.041693470388015,2.041693470388015,2.0708380145254974,2.0708380145254974,2.0991948682808594,2.0991948682808594,2.129914793182566,2.129914793182566,2.10585085200956,2.10585085200956,2.188991571839625,2.188991571839625,2.217348425595005,2.217348425595005,2.2504314216429666,2.2504314216429666,2.285877488837173,2.285877488837173,2.3142343425925707,2.3142343425925707,2.35125579055102,2.35125579055102,2.3851264769810387,2.3851264769810387,2.423723305703693,2.423723305703693,2.462320134426257,2.462320134426257,2.499341582384724,2.499341582384724,2.4729539545845607,2.4729539545845607,2.578898310976224,2.578898310976224,2.6230089723735,2.6230089723735,2.666331943388645,2.666331943388645,2.715956437460578,2.715956437460578,2.7616424796220413,2.7616424796220413,2.81126697369401,2.81126697369401,2.8624668485300946,2.8624668485300946,2.914454413748309,2.914454413748309,2.9774696443158195,2.9774696443158195,2.961400760521126,2.961400760521126,3.1042877958330255,3.1042877958330255,3.1696660975468176,3.1696660975468176,3.2389828511711154,3.2389828511711154,3.3114503663237347,3.3114503663237347,3.391794785297401,3.391794785297401,3.479228417709804,3.479228417709804,3.5666620501222615,3.5666620501222615,3.6659110382660907,3.6659110382660907,3.7651600264099563,3.7651600264099563,3.781622755395787,3.781622755395787,4.0054055929487,4.0054055929487,4.130648363701699,4.130648363701699,4.281884917063724,4.281884917063724,4.440210683864631,4.440210683864631,4.624530233274744,4.624530233274744,4.822240519180346,4.822240519180346,5.053033801133889,5.053033801133889,5.30824548493238,5.30824548493238,5.588663260957875,5.588663260957875,5.75384193408306,5.75384193408306,6.237720135803488,6.237720135803488,6.544919384820283,6.544919384820283,6.756020407221408,6.756020407221408,6.696943628564294,6.696943628564294,6.092785105498177,6.092785105498177,4.6560378485584275,4.6560378485584275,2.5757475494478665,2.5757475494478665,0.8113210935569891,0.8113210935569891,0.10452651370388366,0.10452651370388366,0.0033492398124146654,0.0033492398124146654,0.0000131623062963611,0.0000131623062963611,0.,0.,0.,0.,0.,0.,0.
3.2668892311692166,3.2668892311692166,1.6672291843533134,1.6672291843533134,1.3246693707915573,1.3246693707915573,1.198959347466143,1.198959347466143,1.1337472728660865,1.1337472728660865,1.1054625176178643,1.1054625176178643,1.094462890576891,1.094462890576891,1.094462890576894,1.094462890576894,1.1031054546805155,1.1031054546805155,1.1172478323046255,1.1172478323046255,1.1290331469913821,1.1290331469913821,1.1502467134275458,1.1502467134275458,1.165960466343222,1.165960466343222,1.1887454080709534,1.1887454080709534,1.2060305362782022,1.2060305362782022,1.231172540943281,1.231172540943281,1.2586716085457137,1.2586716085457137,1.2790994873360946,1.2790994873360946,1.3081699302300998,1.3081699302300998,1.330954871957831,1.330954871957831,1.3505970631024273,1.3505970631024273,1.3780961307048536,1.3780961307048536,1.4008810724325849,1.4008810724325849,1.4260230770976798,1.4260230770976798,1.4669635077831145,1.4669635077831145,1.4407030304794175,1.4407030304794175,1.502849151033154,1.502849151033154,1.5241158843024927,1.5241158843024927,1.5493209015106066,1.5493209015106066,1.5705876347799324,1.5705876347799324,1.5981556223512818,1.5981556223512818,1.6154840716818712,1.6154840716818712,1.6430520592532205,1.6430520592532205,1.6643187925225658,1.6643187925225658,1.6434458876471136,1.6434458876471136,1.7123658565755067,1.7123658565755067,1.7359955602081196,1.7359955602081196,1.754899323114171,1.754899323114171,1.7793166835345442,1.7793166835345442,1.8060970143181398,1.8060970143181398,1.8273637475874849,1.8273637475874849,1.8509934512200916,1.8509934512200916,1.875410811640413,1.875410811640413,1.9006158288485462,1.9006158288485462,1.8769073595371417,1.8769073595371417,1.9502382064770012,1.9502382064770012,1.9762308804728432,1.9762308804728432,2.002223554468711,2.002223554468711,2.0227026309502696,2.0227026309502696,2.0542089024603944,2.0542089024603944,2.0794139196685277,2.0794139196685277,2.106981907239877,2.106981907239877,2.135337551599,2.135337551599,2.1652685095336044,2.1652685095336044,2.1904735267417244,2.1904735267417244,2.166430303295553,2.166430303295553,2.251123099398745,2.251123099398745,2.2842046844843513,2.2842046844843513,2.314923299206716,2.314923299206716,2.3456419139290805,2.3456419139290805,2.3802988125902718,2.3802988125902718,2.4141680544636643,2.4141680544636643,2.45118792348802,2.45118792348802,2.4913584196634555,2.4913584196634555,2.5236523479613147,2.5236523479613147,2.5004952384013603,2.5004952384013603,2.6063563106754666,2.6063563106754666,2.6496774340018265,2.6496774340018265,2.702450438781348,2.702450438781348,2.7457715621077208,2.7457715621077208,2.794606282948493,2.794606282948493,2.8395027198503606,2.8395027198503606,2.8946386949930596,2.8946386949930596,2.9497746701358096,2.9497746701358096,3.006485958854081,3.006485958854081,2.985849351014965,2.985849351014965,3.1254221338047636,3.1254221338047636,3.1789827953720455,3.1789827953720455,3.2482965926942993,3.2482965926942993,3.304220224624732,3.304220224624732,3.351479631890036,3.351479631890036,3.38692418733891,3.38692418733891,3.3987390391551324,3.3987390391551324,3.368020424432794,3.368020424432794,3.270350982751353,3.270350982751353,2.995832900799704,2.995832900799704,2.727655455989417,2.727655455989417,2.2204044846763806,2.2204044846763806,1.5666493508411572,1.5666493508411572,0.8806002887081006,0.8806002887081006,0.3504285048714072,0.3504285048714072,0.08364915085939156,0.08364915085939156,0.009617289378479003,0.009617289378479003,0.00043762211128732536,0.00043762211128732536,4.935457434238266e-6,4.935457434238266e-6,0.,0.,0.,0.,0.,0.,0.,0.,0.,0.,0.
2.314730214243456,2.314730214243456,1.1864367357459675,1.1864367357459675,0.9546494264446022,0.9546494264446022,0.8713631390346213,0.8713631390346213,0.8360057528700058,0.8360057528700058,0.8202913590190664,0.8202913590190664,0.8242199574817999,0.8242199574817999,0.8273628362519914,0.8273628362519914,0.8399343513327403,0.8399343513327403,0.8548630254911335,0.8548630254911335,0.8737202981122612,0.8737202981122612,0.8886489722706574,0.8886489722706574,0.9051490858141399,0.9051490858141399,0.9263635175129107,0.9263635175129107,0.9452207901340405,0.9452207901340405,0.9648637824477123,0.9648637824477123,0.98372105506884,0.98372105506884,1.0033640473825183,1.0033640473825183,1.0253641987738311,1.0253641987738311,1.0481500698576944,1.0481500698576944,1.0670073424788242,1.0670073424788242,1.089007493870137,1.089007493870137,1.1102219255689079,1.1102219255689079,1.1306506375751324,1.1306506375751324,1.162321639618324,1.162321639618324,1.1420110809493143,1.1420110809493143,1.19177332814397,1.19177332814397,1.2106778620999827,1.2106778620999827,1.2311577738856756,1.2311577738856756,1.25163768567136,1.25163768567136,1.267391463968038,1.267391463968038,1.2878713757537308,1.2878713757537308,1.3059882207949036,1.3059882207949036,1.320166621261927,1.320166621261927,1.308666363105358,1.308666363105358,1.3571880002591163,1.3571880002591163,1.3745171563854834,1.3745171563854834,1.3894832457673125,1.3894832457673125,1.4099631575530185,1.4099631575530185,1.4288676915090182,1.4288676915090182,1.446984536550225,1.446984536550225,1.461950625932063,1.461950625932063,1.479279782058408,1.479279782058408,1.4950335603550904,1.4950335603550904,1.4753216452613593,1.4753216452613593,1.5296918726077897,1.5296918726077897,1.5470210287341437,1.5470210287341437,1.5604117402863182,1.5604117402863182,1.5816793409868428,1.5816793409868428,1.5927069857945018,1.5927069857945018,1.6092484530060367,1.6092484530060367,1.6273652980472093,1.6273652980472093,1.641543698514237,1.641543698514237,1.6565097878960662,1.6565097878960662,1.6793527664262797,1.6793527664262797,1.6511928877209396,1.6511928877209396,1.706921878445465,1.706921878445465,1.7250387234866549,1.7250387234866549,1.74079250178332,1.74079250178332,1.7596970357393282,1.7596970357393282,1.77151236946184,1.77151236946184,1.7888415255882282,1.7888415255882282,1.8038076149700488,1.8038076149700488,1.8227121489260572,1.8227121489260572,1.83216441590407,1.83216441590407,1.7986482525778806,1.7986482525778806,1.8620965946677799,1.8620965946677799,1.8746996173051362,1.8746996173051362,1.887302639942475,1.887302639942475,1.8928164623463002,1.8928164623463002,1.9069948628133278,1.9069948628133278,1.9093579295578098,1.9093579295578098,1.9117209963023085,1.9117209963023085,1.9093579295578098,1.9093579295578098,1.9014810404094684,1.9014810404094684,1.8408880706358823,1.8408880706358823,1.862096594667763,1.862096594667763,1.8211367710964028,1.8211367710964028,1.7652108581431705,1.7652108581431705,1.6864419666597592,1.6864419666597592,1.5753778296681904,1.5753778296681904,1.4320184471683617,1.4320184471683617,1.2532130635010146,1.2532130635010146,1.0302971006029813,1.0302971006029813,0.7760311188945422,0.7760311188945422,0.5086442090872499,0.5086442090872499,0.2916024362715802,0.2916024362715802,0.1287083686838912,0.1287083686838912,0.04025878043717039,0.04025878043717039,0.008073811377039353,0.008073811377039353,0.0009066299409877548,0.0009066299409877548,0.00003290176597555539,0.00003290176597555539,0.,0.,0.,0.,0.,0.,0.,0.,0.,0.,0.,0.,0.,0.,0.,0.,0.
1.4929260148791212,1.4929260148791212,0.7764786778439725,0.7764786778439725,0.6306433787063068,0.6306433787063068,0.5823982959096871,0.5823982959096871,0.5640903084640639,0.5640903084640639,0.5585900547250359,0.5585900547250359,0.5623616572889395,0.5623616572889395,0.5675476108143107,0.5675476108143107,0.580512494627734,0.580512494627734,0.5976418562721382,0.5976418562721382,0.6102138648184872,0.6102138648184872,0.6225501482045941,0.6225501482045941,0.635436456964603,0.635436456964603,0.6499728418463182,0.6499728418463182,0.664430651674624,0.664430651674624,0.6788884615029259,0.6788884615029259,0.6957820979870857,0.6957820979870857,0.7111042334029499,0.7111042334029499,0.7277621447268664,0.7277621447268664,0.7433985803563868,0.7433985803563868,0.7590350159859149,0.7590350159859149,0.7760858025768971,0.7760858025768971,0.7888935362834916,0.7888935362834916,0.8038227964322877,0.8038227964322877,0.829807704447492,0.829807704447492,0.814876474999113,0.814876474999113,0.8483742609285391,0.8483742609285391,0.8625532179357016,0.8625532179357016,0.8759444551091373,0.8759444551091373,0.8877602526150987,0.8877602526150987,0.9019392096222612,0.9019392096222612,0.9145427269619623,0.9145427269619623,0.9295094038028594,0.9295094038028594,0.9405374814750914,0.9405374814750914,0.9262403664928747,0.9262403664928747,0.9625936368195711,0.9625936368195711,0.9751971541592722,0.9751971541592722,0.9854375119977696,0.9854375119977696,0.9972533095037415,0.9972533095037415,1.007493667342244,1.007493667342244,1.019309464848216,1.019309464848216,1.027974383019265,1.027974383019265,1.0350638615228345,1.0350638615228345,1.0476673788625461,1.0476673788625461,1.0299239896077388,1.0299239896077388,1.0618463358697112,1.0618463358697112,1.0720866937082139,1.0720866937082139,1.0776007325443298,1.0776007325443298,1.085477930881629,1.085477930881629,1.0949305688864124,1.0949305688864124,1.100444607722544,1.100444607722544,1.1035954870574565,1.1035954870574565,1.1106849655610467,1.1106849655610467,1.1185621638983458,1.1185621638983458,1.1217130432332736,1.1217130432332736,1.0967423245040107,1.0967423245040107,1.130377961404333,1.130377961404333,1.1280148019031346,1.1280148019031346,1.135104280406699,1.135104280406699,1.13352884073924,1.13352884073924,1.1366797200741576,1.1366797200741576,1.1311656812380833,1.1311656812380833,1.1303779614043123,1.1303779614043123,1.1256516424019256,1.1256516424019256,1.11934988373208,1.11934988373208,1.0844538950977702,1.0844538950977702,1.1028077672237426,1.1028077672237426,1.0878410903828222,1.0878410903828222,1.0728744135419537,1.0728744135419537,1.053181417698657,1.053181417698657,1.030337542520474,1.030337542520474,1.0019796285061229,1.0019796285061229,0.9633813566533004,0.9633813566533004,0.9200567657980706,0.9200567657980706,0.8688549766055366,0.8688549766055366,0.7887635625109427,0.7887635625109427,0.7411655915577088,0.7411655915577088,0.6586913249660615,0.6586913249660615,0.5664493324361284,0.5664493324361284,0.4653848777684158,0.4653848777684158,0.361405859715889,0.361405859715889,0.2603414050481765,0.2603414050481765,0.1671541487177681,0.1671541487177681,0.09334480029715427,0.09334480029715427,0.04311978369844258,0.04311978369844258,0.015114768169635187,0.015114768169635187,0.003926783371154702,0.003926783371154702,0.0007107596059678112,0.0007107596059678112,0.00009050900890143675,0.00009050900890143675,0.,0.,3.290305746111078e-6,3.290305746111078e-6,0.,0.,0.,0.,1.6455467201629111e-6,1.6455467201629111e-6,0.,0.,0.,0.,0.,0.,0.,0.,0.,0.,0.,0.,0.
0.8782128570601243,0.8782128570601243,0.46125813029132845,0.46125813029132845,0.37924970249430046,0.37924970249430046,0.35364170684120577,0.35364170684120577,0.3479859532000312,0.3479859532000312,0.3472004318609789,0.3472004318609789,0.3510494864223343,0.3510494864223343,0.35725510500084523,0.35725510500084523,0.3662886003999426,0.3662886003999426,0.3760290650041872,0.3760290650041872,0.3856124253406216,0.3856124253406216,0.39519578567705604,0.39519578567705604,0.4043078332100585,0.4043078332100585,0.41294856793962964,0.41294856793962964,0.4241815230880756,0.4241815230880756,0.4336863312906024,0.4336863312906024,0.4457833599120047,0.4457833599120047,0.45371712543643183,0.45371712543643183,0.4649500805848735,0.4649500805848735,0.4785395997504714,0.4785395997504714,0.48521653113241575,0.48521653113241575,0.4938572658619834,0.4938572658619834,0.5043832518052817,0.5043832518052817,0.515930415489348,0.515930415489348,0.5301107490756208,0.5301107490756208,0.5198792844163386,0.5198792844163386,0.5407694270947369,0.5407694270947369,0.5502193078652879,0.5502193078652879,0.5606141767128956,0.5606141767128956,0.5665991012009062,0.5665991012009062,0.5740802568109249,0.5740802568109249,0.5816401614273721,0.5816401614273721,0.5889638190245421,0.5889638190245421,0.5954212375510859,0.5954212375510859,0.587215591081996,0.587215591081996,0.60723358851427,0.60723358851427,0.6132972620087164,0.6132972620087164,0.6184946964325109,0.6184946964325109,0.6230621388049479,0.6230621388049479,0.6294408083250658,0.6294408083250658,0.6336932546718169,0.6336932546718169,0.6366069679094072,0.6366069679094072,0.6417256533267788,0.6417256533267788,0.6451118606029007,0.6451118606029007,0.6318249344944646,0.6318249344944646,0.6510180360844956,0.6510180360844956,0.6514905301230187,0.6514905301230187,0.654876737399135,0.654876737399135,0.6515692791294387,0.6515692791294387,0.6548767373991293,0.6548767373991293,0.6533017572707084,0.6533017572707084,0.655270482431241,0.655270482431241,0.6513330321101758,0.6513330321101758,0.6496005539689061,0.6496005539689061,0.6462930956992186,0.6462930956992186,0.6279091401501684,0.6279091401501684,0.6377094539993107,0.6377094539993107,0.6304645454085465,0.6304645454085465,0.6252671109847376,0.6252671109847376,0.616762218291247,0.616762218291247,0.6081785765913277,0.6081785765913277,0.5944762494740339,0.5944762494740339,0.5850263687034856,0.5850263687034856,0.568646575367853,0.568646575367853,0.5551804952698282,0.5551804952698282,0.5225665942604586,0.5225665942604586,0.5161997370913195,0.5161997370913195,0.49210254112640256,0.49210254112640256,0.4674541021165596,0.4674541021165596,0.4372144836507818,0.4372144836507818,0.4058723790951406,0.4058723790951406,0.36956908713493647,0.36956908713493647,0.33184831305915435,0.33184831305915435,0.28979634363020407,0.28979634363020407,0.24805937022694532,0.24805937022694532,0.19893770874653052,0.19893770874653052,0.15978173402871645,0.15978173402871645,0.1189109996960925,0.1189109996960925,0.08150522164599631,0.08150522164599631,0.051100230266748786,0.051100230266748786,0.028341767411009747,0.028341767411009747,0.013481829899318756,0.013481829899318756,0.0053061080526623046,0.0053061080526623046,0.0015970298502247108,0.0015970298502247108,0.0003831926652416551,0.0003831926652416551,0.0000577310934823536,0.0000577310934823536,6.57869199311567e-6,6.57869199311567e-6,4.934412743780512e-6,4.934412743780512e-6,0.,0.,4.934412738053276e-6,4.934412738053276e-6,3.2893459994214536e-6,3.2893459994214536e-6,0.,0.,1.6450667386318226e-6,1.6450667386318226e-6,0.,0.,0.,0.,0.,0.,0.,0.,0.,0.,0.,0.,0.,0.,0.
0.4688618193298141,0.4688618193298141,0.25022199975962783,0.25022199975962783,0.20771961298727018,0.20771961298727018,0.1955424042077594,0.1955424042077594,0.19420683937387728,0.19420683937387728,0.1956209668450466,0.1956209668450466,0.1995490987094047,0.1995490987094047,0.20465567013307107,0.20465567013307107,0.2099193668313104,0.2099193668313104,0.21541875144141293,0.21541875144141293,0.2219394503362472,0.2219394503362472,0.2283815865937955,0.2283815865937955,0.2297171514276771,0.2297171514276771,0.2356879118615011,0.2356879118615011,0.2411872964716044,0.2411872964716044,0.24762943272915125,0.24762943272915125,0.25328594261382714,0.25328594261382714,0.2590995777730778,0.2590995777730778,0.26569883930520016,0.26569883930520016,0.2713553491898753,0.2713553491898753,0.2781117359965732,0.2781117359965732,0.28282549423380116,0.28282549423380116,0.2873821271964573,0.2873821271964573,0.2928029491692735,0.2928029491692735,0.3026768353147342,0.3026768353147342,0.29549002764310056,0.29549002764310056,0.3081860648668519,0.3081860648668519,0.31259659888999203,0.31259659888999203,0.3186610831718097,0.3186610831718097,0.32196898368916477,0.32196898368916477,0.3254344032787704,0.3254344032787704,0.32795470843485286,0.32795470843485286,0.3334678759637752,0.3334678759637752,0.33606694065598297,0.33606694065598297,0.3299689835713146,0.3299689835713146,0.34118631050426756,0.34118631050426756,0.34205266540167256,0.34205266540167256,0.34410041334098496,0.34410041334098496,0.34583312313579206,0.34583312313579206,0.34630568035255505,0.34630568035255505,0.3477233520028496,0.3477233520028496,0.34638443988868456,0.34638443988868456,0.3474870733944667,0.3474870733944667,0.3481171496834888,0.3481171496834888,0.33849273436870464,0.33849273436870464,0.34788087107510873,0.34788087107510873,0.34378537519647534,0.34378537519647534,0.34480924916613653,0.34480924916613653,0.34055623421524694,0.34055623421524694,0.33890228395657224,0.33890228395657224,0.3347280285418122,0.3347280285418122,0.3310263303438265,0.3310263303438265,0.32669455585681306,0.32669455585681306,0.31999999528597617,0.31999999528597617,0.31590449940734566,0.31590449940734566,0.30009746050656094,0.30009746050656094,0.30290917594631106,0.30290917594631106,0.29314299346650485,0.29314299346650485,0.28337681098669293,0.28337681098669293,0.27542209783781774,0.27542209783781774,0.2644745223160969,0.2644745223160969,0.25037656534928016,0.25037656534928016,0.23942898982755656,0.23942898982755656,0.2250159947162273,0.2250159947162273,0.20887028981009098,0.20887028981009098,0.1894422812358453,0.1894422812358453,0.17705143721458988,0.17705143721458988,0.1589367439052664,0.1589367439052664,0.14216096271011375,0.14216096271011375,0.12231355960598604,0.12231355960598604,0.10372630907990245,0.10372630907990245,0.0845089822647911,0.0845089822647911,0.06743391483235589,0.06743391483235589,0.05076052103416334,0.05076052103416334,0.03619000685057788,0.03619000685057788,0.02348254949408986,0.02348254949408986,0.01463352181248795,0.01463352181248795,0.008088604360295208,0.008088604360295208,0.0039261628759547215,0.0039261628759547215,0.0017122323154110664,0.0017122323154110664,0.0005740782588351586,0.0005740782588351586,0.00014310607714143793,0.00014310607714143793,0.00003454393254593169,0.00003454393254593169,0.00001480679279268424,0.00001480679279268424,0.,0.,1.6041545408893383e-6,1.6041545408893383e-6,1.6452867109445957e-6,1.6452867109445957e-6,3.289785821776176e-6,3.289785821776176e-6,6.579571649256458e-6,6.579571649256458e-6,6.579571649256458e-6,6.579571649256458e-6,0.,0.,1.6452867109445957e-6,1.6452867109445957e-6,1.6452867080925426e-6,1.6452867080925426e-6,0.,0.,1.6452867109445957e-6,1.6452867109445957e-6,0.,0.,0.,0.,0.,0.,0.,0.,0.,0.,0.
0.22682173690286442,0.22682173690286442,0.12460660711047554,0.12460660711047554,0.10449356081773804,0.10449356081773804,0.10009383194120162,0.10009383194120162,0.09985813217995859,0.09985813217995859,0.10174373026990298,0.10174373026990298,0.10370789494692784,0.10370789494692784,0.10708625819141149,0.10708625819141149,0.11015035508757029,0.11015035508757029,0.11164312024210962,0.11164312024210962,0.1163571154669698,0.1163571154669698,0.1189498128406433,0.1189498128406433,0.11957834553729094,0.11957834553729094,0.12217104291096445,0.12217104291096445,0.12327097513009878,0.12327097513009878,0.12657077178750056,0.12657077178750056,0.12932060233533563,0.12932060233533563,0.13167759994776584,0.13167759994776584,0.13442743049560157,0.13442743049560157,0.13867002619797547,0.13867002619797547,0.14118415698456824,0.14118415698456824,0.14361972118407892,0.14361972118407892,0.1461338519706704,0.1461338519706704,0.14880511593142629,0.14880511593142629,0.1527381710952247,0.1527381710952247,0.1494419187951344,0.1494419187951344,0.15508532327067778,0.15508532327067778,0.15744822814529458,0.15744822814529458,0.15925978854916725,0.15925978854916725,0.16044124098647594,0.16044124098647594,0.16272538236527034,0.16272538236527034,0.16319796334019587,0.16319796334019587,0.16485199675242565,0.16485199675242565,0.1652458142315288,0.1652458142315288,0.16265055704424303,0.16265055704424303,0.16682108414793997,0.16682108414793997,0.1667423206521201,0.1667423206521201,0.16666355715629896,0.16666355715629896,0.1670573746354021,0.1670573746354021,0.16689984764376048,0.16689984764376048,0.16634850317301764,0.16634850317301764,0.16422188878586358,0.16422188878586358,0.16406436179422004,0.16406436179422004,0.16319796334019523,0.16319796334019523,0.15735174286291315,0.15735174286291315,0.15902349806170576,0.15902349806170576,0.15642430269962748,0.15642430269962748,0.15319499937098524,0.15319499937098524,0.14996569604234045,0.14996569604234045,0.14650010222623605,0.14650010222623605,0.14334956239341495,0.14334956239341495,0.14051407654387324,0.14051407654387324,0.13523692232389684,0.13523692232389684,0.13129874753286946,0.13129874753286946,0.12523395835468554,0.12523395835468554,0.11772582811559246,0.11772582811559246,0.11349819747742464,0.11349819747742464,0.10782722577834382,0.10782722577834382,0.10136861912105678,0.10136861912105678,0.09443743148884676,0.09443743148884676,0.08711242637753616,0.08711242637753616,0.07970865777040699,0.07970865777040699,0.07169841024545368,0.07169841024545368,0.06409773289876976,0.06409773289876976,0.05612686712172893,0.05612686712172893,0.04741286776162138,0.04741286776162138,0.04087825433086867,0.04087825433086867,0.033041286496723894,0.033041286496723894,0.026503916343618265,0.026503916343618265,0.020187083978808494,0.020187083978808494,0.014555494027638883,0.014555494027638883,0.010152614611269777,0.010152614611269777,0.0067626337511535375,0.0067626337511535375,0.003935024251194352,0.003935024251194352,0.0021896251838114467,0.0021896251838114467,0.0009990952536096857,0.0009990952536096857,0.00045730085673459175,0.00045730085673459175,0.00019084395037195277,0.00019084395037195277,0.00004935320648140734,0.00004935320648140734,0.000024676603241341393,0.000024676603241341393,0.000019738132052752898,0.000019738132052752898,3.28995121901874e-6,3.28995121901874e-6,1.6453694277190053e-6,1.6453694277190053e-6,8.222908962875893e-6,8.222908962875893e-6,6.5799024405883676e-6,6.5799024405883676e-6,1.60423519259998e-6,1.60423519259998e-6,1.6453694277190053e-6,1.6453694277190053e-6,6.5799024405883676e-6,6.5799024405883676e-6,1.6453694277190053e-6,1.6453694277190053e-6,4.9353206480131895e-6,4.9353206480131895e-6,0.,0.,3.2899512202941838e-6,3.2899512202941838e-6,0.,0.,0.,0.,0.,0.,0.,0.,0.,0.,0.,0.,0.,0.,0.,0.,0.
0.10431681404854709,0.10431681404854709,0.05853376016620058,0.05853376016620058,0.049061133118084604,0.049061133118084604,0.048015606647213674,0.048015606647213674,0.04969002122086406,0.04969002122086406,0.050303187121074115,0.050303187121074115,0.05152951892149403,0.05152951892149403,0.05276371182319892,0.05276371182319892,0.0547997370559473,0.0547997370559473,0.05522423652532346,0.05522423652532346,0.05706373422595355,0.05706373422595355,0.05726812285935714,0.05726812285935714,0.05668640136428564,0.05668640136428564,0.05764545572102454,0.05764545572102454,0.05687506779511979,0.05687506779511979,0.057952038671129344,0.057952038671129344,0.05880889871116651,0.05880889871116651,0.059767953067905534,0.059767953067905534,0.06186686711093186,0.06186686711093186,0.06254292182141986,0.06254292182141986,0.06378497582440953,0.06378497582440953,0.06447675273746632,0.06447675273746632,0.06473616907986306,0.06473616907986306,0.06646561136250709,0.06646561136250709,0.06784772694202054,0.06784772694202054,0.06631104910792313,0.06631104910792313,0.0686023926653561,0.0686023926653561,0.07012338770090043,0.07012338770090043,0.06985544038893958,0.06985544038893958,0.07017067252065828,0.07017067252065828,0.0704701430457912,0.0704701430457912,0.07075385196433888,0.07075385196433888,0.07071444794787339,0.07071444794787339,0.07091146803019796,0.07091146803019796,0.06906184349733696,0.06906184349733696,0.07092722963678376,0.07092722963678376,0.0700130564547992,0.0700130564547992,0.06983179797905989,0.06983179797905989,0.06922497612550113,0.06922497612550113,0.06862603507523476,0.06862603507523476,0.06778278912288725,0.06778278912288725,0.06637212533344443,0.06637212533344443,0.06481960708472752,0.06481960708472752,0.06308583036027308,0.06308583036027308,0.06121670083926081,0.06121670083926081,0.06048516527359145,0.06048516527359145,0.05857801087669086,0.05857801087669086,0.05694668459504452,0.05694668459504452,0.054858271722405386,0.054858271722405386,0.05305356776831443,0.05305356776831443,0.050177074566378536,0.050177074566378536,0.04829356257935662,0.04829356257935662,0.044463492178970686,0.044463492178970686,0.04197315833839003,0.04197315833839003,0.0393567316451226,0.0393567316451226,0.03529930006973264,0.03529930006973264,0.032957519371226075,0.032957519371226075,0.030270165448321094,0.030270165448321094,0.026999632081735534,0.026999632081735534,0.024060092453455483,0.024060092453455483,0.020631943021011595,0.020631943021011595,0.017676641786145253,0.017676641786145253,0.014587366895298744,0.014587366895298744,0.012057629038253118,0.012057629038253118,0.009685507247067357,0.009685507247067357,0.007228134866259687,0.007228134866259687,0.0054763702082891216,0.0054763702082891216,0.0038946929873889726,0.0038946929873889726,0.0026842016015872073,0.0026842016015872073,0.0017676641786148334,0.0017676641786148334,0.0010174117051236333,0.0010174117051236333,0.0006188794825969107,0.0006188794825969107,0.00031767518074023713,0.00031767518074023713,0.00013665312909976114,0.00013665312909976114,0.00007904445702902304,0.00007904445702902304,0.000024073292798975327,0.000024073292798975327,0.000034565203243161625,0.000034565203243161625,0.000014815910190449624,0.000014815910190449624,9.874646526355998e-6,9.874646526355998e-6,0.0000197492930521986,0.0000197492930521986,0.000018102205163996263,0.000018102205163996263,9.874646526355998e-6,9.874646526355998e-6,0.000014815910190449624,0.000014815910190449624,3.291811535701287e-6,3.291811535701287e-6,4.9381113431557655e-6,4.9381113431557655e-6,3.209516247334425e-6,3.209516247334425e-6,6.583623070889177e-6,6.583623070889177e-6,3.2918115351878897e-6,3.2918115351878897e-6,3.291811535701287e-6,3.291811535701287e-6,4.9381113431557655e-6,4.9381113431557655e-6,0.,0.,0.,0.,3.2918115351878897e-6,3.2918115351878897e-6,0.,0.,0.,0.,0.,0.,0.,0.,0.,0.,0.,0.,0.,0.,0.
0.045171207152136066,0.045171207152136066,0.028114371118126362,0.028114371118126362,0.023095348101222338,0.023095348101222338,0.022977714749263654,0.022977714749263654,0.02349530149788193,0.02349530149788193,0.02475005725210787,0.02475005725210787,0.025722492961632995,0.025722492961632995,0.026294975274498745,0.026294975274498745,0.027439939900229835,0.027439939900229835,0.02758109992258034,0.02758109992258034,0.028137897788518128,0.028137897788518128,0.027330148771735056,0.027330148771735056,0.024820637263283075,0.024820637263283075,0.025479384034251748,0.025479384034251748,0.024036414916891926,0.024036414916891926,0.02425599717388139,0.02425599717388139,0.02459321278282967,0.02459321278282967,0.024554001665510146,0.024554001665510146,0.024922586168314102,0.024922586168314102,0.02503237729680864,0.02503237729680864,0.025769546302416655,0.025769546302416655,0.025902864101302978,0.025902864101302978,0.026098919687900752,0.026098919687900752,0.026326344168354398,0.026326344168354398,0.02648155729791449,0.02648155729791449,0.026376404677533636,0.026376404677533636,0.02699768959907322,0.02699768959907322,0.027170650918577937,0.027170650918577937,0.02725713157833063,0.02725713157833063,0.02663604320374482,0.02663604320374482,0.026502391275036567,0.026502391275036567,0.026651766960063595,0.026651766960063595,0.026195778026823404,0.026195778026823404,0.02617219239234562,0.02617219239234562,0.025448899601689202,0.025448899601689202,0.025653308433830995,0.025653308433830995,0.025409590210892643,0.025409590210892643,0.024568369247845986,0.024568369247845986,0.024348236659385798,0.024348236659385798,0.023562048843454277,0.023562048843454277,0.023098198032055175,0.023098198032055175,0.02223339143453092,0.02223339143453092,0.021360722958847472,0.021360722958847472,0.020661015802668645,0.020661015802668645,0.019423949274301085,0.019423949274301085,0.01899429763289505,0.01899429763289505,0.018318176111194195,0.018318176111194195,0.017170341899934848,0.017170341899934848,0.01598319829787875,0.01598319829787875,0.014851087842937987,0.014851087842937987,0.014222137590193269,0.014222137590193269,0.012429629369870234,0.012429629369870234,0.011423308965478909,0.011423308965478909,0.010637121149547391,0.010637121149547391,0.009371358765898372,0.009371358765898372,0.007879960479077176,0.007879960479077176,0.007265947794835179,0.007265947794835179,0.005947510827518606,0.005947510827518606,0.005077200915282935,0.005077200915282935,0.004140851226508903,0.004140851226508903,0.00333029158828412,0.00333029158828412,0.0024843534983422836,0.0024843534983422836,0.0019395253419019053,0.0019395253419019053,0.001490612099005332,0.001490612099005332,0.0009866657089934265,0.0009866657089934265,0.0007172450408827246,0.0007172450408827246,0.00047949594893629394,0.00047949594893629394,0.00027422231019686344,0.00027422231019686344,0.0001970186666723022,0.0001970186666723022,0.0001182426475160158,0.0001182426475160158,0.000059113461879887366,0.000059113461879887366,0.00005582719680931517,0.00005582719680931517,0.00003776846267750437,0.00003776846267750437,0.00004268999840495646,0.00004268999840495646,0.00002955280000078819,0.00002955280000078819,0.000011206714222214864,0.000011206714222214864,0.00001970186666738258,0.00001970186666738258,0.000019701866667192124,0.000019701866667192124,0.000019701866667192124,0.000019701866667192124,0.000011494065869167846,0.000011494065869167846,0.00001642346347474046,0.00001642346347474046,6.567813014310169e-6,6.567813014310169e-6,6.567813014119714e-6,6.567813014119714e-6,6.567813014310169e-6,6.567813014310169e-6,4.9262528546672214e-6,4.9262528546672214e-6,3.201808844447639e-6,3.201808844447639e-6,4.926252854476766e-6,4.926252854476766e-6,1.6423463475121373e-6,1.6423463475121373e-6,3.2839065073455395e-6,3.2839065073455395e-6,3.2839065071550845e-6,3.2839065071550845e-6,1.6423463473216822e-6,1.6423463473216822e-6,0.,0.,0.,0.,0.,0.,0.,0.,0.,0.,0.,0.,0.,0.,0.,0.,0.,0.,0.
0.0234625781476596,0.0234625781476596,0.015053249668132297,0.015053249668132297,0.012326325906261216,0.012326325906261216,0.012751915163894264,0.012751915163894264,0.01375283804758682,0.01375283804758682,0.014383340651487666,0.014383340651487666,0.015210875319107505,0.015210875319107505,0.015305450709692671,0.015305450709692671,0.014982318125193423,0.014982318125193423,0.01571527740222816,0.01571527740222816,0.015573414316350518,0.015573414316350518,0.014832573756766986,0.014832573756766986,0.012452426427041407,0.012452426427041407,0.011955905626469423,0.011955905626469423,0.010450580659656235,0.010450580659656235,0.009993466271828146,0.009993466271828146,0.009788552925560365,0.009788552925560365,0.009946178576535581,0.009946178576535581,0.010080160379864533,0.010080160379864533,0.009883128316145495,0.009883128316145495,0.009749146512816617,0.009749146512816617,0.009764909077914065,0.009764909077914065,0.009867365751047939,0.009867365751047939,0.009686096252426531,0.009686096252426531,0.010078797451303422,0.010078797451303422,0.009336653220922395,0.009336653220922395,0.009797283569386384,0.009797283569386384,0.00948124216392213,0.00948124216392213,0.009260013180097441,0.009260013180097441,0.009504945269332031,0.009504945269332031,0.009212606969277786,0.009212606969277786,0.008888664528677107,0.008888664528677107,0.00880965417731109,0.00880965417731109,0.008580524158349645,0.008580524158349645,0.008181126832194468,0.008181126832194468,0.008311888963705156,0.008311888963705156,0.00783861695902276,0.00783861695902276,0.007746174847924515,0.007746174847924515,0.007434083960028711,0.007434083960028711,0.007153597212679272,0.007153597212679272,0.0068264943580240356,0.0068264943580240356,0.0065215144017512034,0.0065215144017512034,0.006250508896565723,0.006250508896565723,0.005740892130254912,0.005740892130254912,0.005282296298338658,0.005282296298338658,0.004995034413359761,0.004995034413359761,0.004476726508398555,0.004476726508398555,0.004221523073486368,0.004221523073486368,0.003858075457202715,0.003858075457202715,0.0035317627060610446,0.0035317627060610446,0.0029921220062311487,0.0029921220062311487,0.0027329680537505454,0.0027329680537505454,0.002402704785040681,0.002402704785040681,0.00199975199307391,0.00199975199307391,0.0016631678962546405,0.0016631678962546405,0.0012887970988946702,0.0012887970988946702,0.0011717235107581115,0.0011717235107581115,0.0009670867007201335,0.0009670867007201335,0.0007178090421602371,0.0007178090421602371,0.0005857827450276992,0.0005857827450276992,0.0004670301869245295,0.0004670301869245295,0.0003218091611137964,0.0003218091611137964,0.0002739288881860024,0.0002739288881860024,0.00019468150576580485,0.00019468150576580485,0.00011551313369714747,0.00011551313369714747,0.00009167176017240026,0.00009167176017240026,0.00007425392821381769,0.00007425392821381769,0.00006600524753119571,0.00006600524753119571,0.00008082758944740185,0.00008082758944740185,0.00006765656387472007,0.00006765656387472007,0.00004290262079170746,0.00004290262079170746,0.00003960788913987888,0.00003960788913987888,0.000036305256452683287,0.000036305256452683287,0.000024753943082939153,0.000024753943082939153,0.00003795657279628108,0.00003795657279628108,0.000019304994201000027,0.000019304994201000027,0.0000231026267394148,0.0000231026267394148,0.000013202629713268477,0.000013202629713268477,6.600524753097535e-6,6.600524753097535e-6,6.600524753097535e-6,6.600524753097535e-6,4.950788616646592e-6,4.950788616646592e-6,6.600524753097535e-6,6.600524753097535e-6,6.600524753097535e-6,6.600524753097535e-6,1.6505262400243721e-6,1.6505262400243721e-6,6.600524753097535e-6,6.600524753097535e-6,6.435511634317842e-6,6.435511634317842e-6,8.248680682621978e-6,8.248680682621978e-6,8.248680682548525e-6,8.248680682548525e-6,0.,0.,1.6505262400243721e-6,1.6505262400243721e-6,3.3002623765487675e-6,3.3002623765487675e-6,1.6505262400243721e-6,1.6505262400243721e-6,1.6505262400243721e-6,1.6505262400243721e-6,0.,0.,1.6505262400978247e-6,1.6505262400978247e-6,1.6092630839943822e-6,1.6092630839943822e-6,0.,0.,0.,0.,0.,0.,0.,0.,0.
0.015053586678837286,0.015053586678837286,0.009983071123845924,0.009983071123845924,0.00824551127634109,0.00824551127634109,0.008545635250001014,0.008545635250001014,0.009635559154344962,0.009635559154344962,0.009927785128698054,0.009927785128698054,0.01051223707740419,0.01051223707740419,0.010559625073245274,0.010559625073245274,0.010796565052450444,0.010796565052450444,0.010780769053836806,0.010780769053836806,0.010875545045518865,0.010875545045518865,0.010093643114141699,0.010093643114141699,0.007593136533596063,0.007593136533596063,0.007236146964926967,0.007236146964926967,0.005443301122274211,0.005443301122274211,0.005064197155545879,0.005064197155545879,0.004818569377103159,0.004818569377103159,0.0045761007983831665,0.0045761007983831665,0.004562674199561542,0.004562674199561542,0.004572151798729761,0.004572151798729761,0.004244384827495926,0.004244384827495926,0.0043249444204256325,0.0043249444204256325,0.004054832844131697,0.004054832844131697,0.004076157442260221,0.004076157442260221,0.004192012580463192,0.004192012580463192,0.003535690817513242,0.003535690817513242,0.0037174041850240288,0.0037174041850240288,0.003712653508749226,0.003712653508749226,0.0035257935752741358,0.0035257935752741358,0.003507582649554071,0.003507582649554071,0.0032890515409136896,0.0032890515409136896,0.0031188189744003007,0.0031188189744003007,0.002954920642920041,0.002954920642920041,0.0029580877604365526,0.0029580877604365526,0.002831640593589219,0.002831640593589219,0.002753016901241397,0.002753016901241397,0.0024790612360618197,0.0024790612360618197,0.0023848394899451284,0.0023848394899451284,0.002286658846932781,0.002286658846932781,0.002149681014342902,0.002149681014342902,0.0019644046396261033,0.0019644046396261033,0.0017910049555962028,0.0017910049555962028,0.0017260790465074374,0.0017260790465074374,0.0015479286862027705,0.0015479286862027705,0.0014011525837961968,0.0014011525837961968,0.0012256744788960927,0.0012256744788960927,0.0011148253658176284,0.0011148253658176284,0.0009675544012991068,0.0009675544012991068,0.0009604283868869388,0.0009604283868869388,0.0008139492017475268,0.0008139492017475268,0.000745776997204271,0.000745776997204271,0.0005837789362338969,0.0005837789362338969,0.0005209116535308673,0.0005209116535308673,0.00046635805430861636,0.00046635805430861636,0.0004034907716056228,0.0004034907716056228,0.0003321079016799474,0.0003321079016799474,0.00031750353103187506,0.00031750353103187506,0.00020673359589131813,0.00020673359589131813,0.0002000826491066305,0.0002000826491066305,0.00018685993347512646,0.00018685993347512646,0.00016698627105889873,0.00016698627105889873,0.0001256553874682238,0.0001256553874682238,0.00011243267183671977,0.00011243267183671977,0.00009263818735843548,0.00009263818735843548,0.000080999030485187,0.000080999030485187,0.00009510853902131123,0.00009510853902131123,0.00005622425371214342,0.00005622425371214342,0.00007276452494220774,0.00007276452494220774,0.00006118871041929957,0.00006118871041929957,0.000046303258091596604,0.000046303258091596604,0.00005953389151693822,0.00005953389151693822,0.00003969190027588065,0.00003969190027588065,0.000036382262471121895,0.000036382262471121895,0.000038037081373483244,0.000038037081373483244,0.00002646126685057508,0.00002646126685057508,0.000020959389889859588,0.000020959389889859588,0.00001654027123006432,0.00001654027123006432,0.000014885452327666917,0.000014885452327666917,9.920995620546815e-6,9.920995620546815e-6,0.000018187172338660172,0.000018187172338660172,0.000013230633425269514,0.000013230633425269514,9.92099562051076e-6,9.92099562051076e-6,0.000011575814522944218,0.000011575814522944218,8.266176718113357e-6,8.266176718113357e-6,6.614524933272628e-6,6.614524933272628e-6,4.8372573498856335e-6,4.8372573498856335e-6,3.307262466654341e-6,3.307262466654341e-6,0.,0.,3.307262466654341e-6,3.307262466654341e-6,0.,0.,0.,0.,1.6540271229811944e-6,1.6540271229811944e-6,0.,0.,0.,0.,3.307262466654341e-6,3.307262466654341e-6,0.,0.,0.,0.,0.,0.,0.,0.,0.,0.,0.
0.0121359773402788,0.0121359773402788,0.008530130669803297,0.008530130669803297,0.006852697152612925,0.006852697152612925,0.007265701617072678,0.007265701617072678,0.008013875089228613,0.008013875089228613,0.00845070673433026,0.00845070673433026,0.008784287263316985,0.008784287263316985,0.008919307953621159,0.008919307953621159,0.008990789495546863,0.008990789495546863,0.009221118908418651,0.009221118908418651,0.009475275501932333,0.009475275501932333,0.008553957850445201,0.008553957850445201,0.0058519555656527675,0.0058519555656527675,0.005627980067618825,0.005627980067618825,0.004064122778154883,0.004064122778154883,0.0033223032208367694,0.0033223032208367694,0.0029291547402453006,0.0029291547402453006,0.0030522618402285097,0.0030522618402285097,0.0029545703995966614,0.0029545703995966614,0.002596368450613335,0.002596368450613335,0.0026773808647957953,0.0026773808647957953,0.0026122532377079134,0.0026122532377079134,0.002342211857099603,0.002342211857099603,0.002332680984842871,0.002332680984842871,0.002195444784759728,0.002195444784759728,0.0019990347668869344,0.0019990347668869344,0.002117175382684524,0.002117175382684524,0.0019260801995915882,0.0019260801995915882,0.0019443934879712992,0.0019443934879712992,0.001747724695371416,0.001747724695371416,0.0016282902059382768,0.0016282902059382768,0.0015900711693196793,0.0015900711693196793,0.0015032821069982667,0.0015032821069982667,0.0013734966284809351,0.0013734966284809351,0.0012871454926208078,0.0012871454926208078,0.0011425899489102265,0.0011425899489102265,0.0011107407517281004,0.0011107407517281004,0.001035895138349953,0.001035895138349953,0.0009363663971557257,0.0009363663971557257,0.0008264866668772294,0.0008264866668772294,0.0008567434042003081,0.0008567434042003081,0.0008113582982157157,0.0008113582982157157,0.0006834837715292873,0.0006834837715292873,0.0007300632224082292,0.0007300632224082292,0.0005788273095886846,0.0005788273095886846,0.0005321204619210516,0.0005321204619210516,0.00048060438547889873,0.00048060438547889873,0.0004673073456553433,0.0004673073456553433,0.0004290086860438011,0.0004290086860438011,0.000317616118899151,0.000317616118899151,0.00034421019854626186,0.00034421019854626186,0.0003125998703429698,0.0003125998703429698,0.0003110074104838711,0.0003110074104838711,0.00023950596280991276,0.00023950596280991276,0.0002827412479846914,0.0002827412479846914,0.00019943768217989152,0.00019943768217989152,0.0001862381805227463,0.0001862381805227463,0.00017628530640330316,0.00017628530640330316,0.00015964410087560994,0.00015964410087560994,0.00016298826657972225,0.00016298826657972225,0.00013137793837645565,0.00013137793837645565,0.00013305002122849908,0.00013305002122849908,0.00009642344446900034,0.00009642344446900034,0.00009315890175783277,0.00009315890175783277,0.00009315890175783277,0.00009315890175783277,0.00008430880609082592,0.00008430880609082592,0.00007649380933227907,0.00007649380933227907,0.00003991500636855227,0.00003991500636855227,0.00007815792988506114,0.00007815792988506114,0.00004989176738585589,0.00004989176738585589,0.00003825088581579569,0.00003825088581579569,0.000038250885815770204,0.000038250885815770204,0.00002494588369295343,0.00002494588369295343,0.0000216176425873893,0.0000216176425873893,0.000013305002122867746,0.000013305002122867746,0.000021077201522680997,0.000021077201522680997,0.00001496912267564981,0.00001496912267564981,0.000019953522034632722,0.000019953522034632722,0.000016633243228380906,0.000016633243228380906,9.976761017303618e-6,9.976761017303618e-6,9.976761017303618e-6,9.976761017303618e-6,9.976761017303618e-6,9.976761017303618e-6,4.989176738575396e-6,4.989176738575396e-6,6.651704831510287e-6,6.651704831510287e-6,3.3258524157551435e-6,3.3258524157551435e-6,1.6217412147561165e-6,1.6217412147561165e-6,3.3258524157296597e-6,3.3258524157296597e-6,1.6633243228457359e-6,1.6633243228457359e-6,0.,0.,3.3258524157296597e-6,3.3258524157296597e-6,1.6633243228457359e-6,1.6633243228457359e-6,0.,0.,1.6633243228457359e-6,1.6633243228457359e-6,0.,0.,0.,0.,0.,0.,0.,0.,0.,0.,0.,0.,0.,0.,0.
0.011065728040442537,0.011065728040442537,0.007717736653898426,0.007717736653898426,0.0059915144940053955,0.0059915144940053955,0.006498857312609081,0.006498857312609081,0.006984210040003936,0.006984210040003936,0.007609356918654909,0.007609356918654909,0.00814418735126962,0.00814418735126962,0.008230576995304327,0.008230576995304327,0.0081834553712854,0.0081834553712854,0.007955700855193959,0.007955700855193959,0.008207016183294873,0.008207016183294873,0.007395738889769137,0.007395738889769137,0.005319245991335498,0.005319245991335498,0.005016096876813794,0.005016096876813794,0.003280450392117007,0.003280450392117007,0.0028178731163312795,0.0028178731163312795,0.0025673431486307042,0.0025673431486307042,0.0024291197181752137,0.0024291197181752137,0.002383568814956965,0.002383568814956965,0.002312886378928552,0.002312886378928552,0.0022013652020837957,0.0022013652020837957,0.002156599659265788,0.002156599659265788,0.001873084554751959,0.001873084554751959,0.0019421962699797371,0.0019421962699797371,0.0017653484607387862,0.0017653484607387862,0.001659649579794108,0.001659649579794108,0.0016888201089486918,0.0016888201089486918,0.001590404018683625,0.001590404018683625,0.0013809745785995384,0.0013809745785995384,0.0013109023223307834,0.0013109023223307834,0.0011786310970145297,0.0011786310970145297,0.0012353187650072193,0.0012353187650072193,0.001214848218232076,0.001214848218232076,0.001084938979082204,0.001084938979082204,0.0009557186525641551,0.0009557186525641551,0.0009046407017165634,0.0009046407017165634,0.0008865321411077572,0.0008865321411077572,0.0008109485837842152,0.0008109485837842152,0.0007794554348993877,0.0007794554348993877,0.000695604925993544,0.000695604925993544,0.0006363978060900992,0.0006363978060900992,0.0005804974668195221,0.0005804974668195221,0.0005541219546284583,0.0005541219546284583,0.0005097953475730726,0.0005097953475730726,0.00043609941086080795,0.00043609941086080795,0.00043247966706084367,0.00043247966706084367,0.0003962625458432975,0.0003962625458432975,0.0003897277174497049,0.0003897277174497049,0.00037492593747381057,0.00037492593747381057,0.00031737220788682165,0.00031737220788682165,0.000309105256304542,0.000309105256304542,0.000291075428567989,0.000291075428567989,0.0002746202582756608,0.0002746202582756608,0.0002055715293456894,0.0002055715293456894,0.00023186830866449995,0.00023186830866449995,0.00019075990776078826,0.00019075990776078826,0.00022202669963801758,0.00022202669963801758,0.00019242313968627307,0.00019242313968627307,0.000154552628152271,0.000154552628152271,0.00017431457907748896,0.00017431457907748896,0.00011841423980693387,0.00011841423980693387,0.00012825584883343832,0.00012825584883343832,0.00010526585014751756,0.00010526585014751756,0.00008385050890584366,0.00008385050890584366,0.00008054372827295388,0.00008054372827295388,0.00006894224272030531,0.00006894224272030531,0.00007399315330489297,0.00007399315330489297,0.00006412792441671916,0.00006412792441671916,0.00005261717849931255,0.00005261717849931255,0.00005097953475732493,0.00005097953475732493,0.000041106432581905933,0.000041106432581905933,0.00003617775478143059,0.00003617775478143059,0.000039468788839918315,0.000039468788839918315,0.000026312525893278877,0.000026312525893278877,0.000026312525893278877,0.000026312525893278877,0.000020841575435422134,0.000020841575435422134,0.000016447297005105077,0.000016447297005105077,9.8652288881738e-6,9.8652288881738e-6,0.000016447297005105077,0.000016447297005105077,9.8652288881738e-6,9.8652288881738e-6,8.21971185894098e-6,8.21971185894098e-6,0.00001151074591740662,0.00001151074591740662,1.6447297005060902e-6,1.6447297005060902e-6,1.6447297005060902e-6,1.6447297005060902e-6,9.865228888195887e-6,9.865228888195887e-6,0.,0.,4.933401772791542e-6,4.933401772791542e-6,1.6447297005060902e-6,1.6447297005060902e-6,3.2886720722854517e-6,3.2886720722854517e-6,3.2886720723075385e-6,3.2886720723075385e-6,1.6447297005060902e-6,1.6447297005060902e-6,1.6447297004840038e-6,1.6447297004840038e-6,0.,0.,0.,0.,0.,0.,0.,0.,0.,0.,0.,0.,0.,0.,0.,0.,0.
0.01017117580458144,0.01017117580458144,0.006813970948174959,0.006813970948174959,0.0054925942324505605,0.0054925942324505605,0.005768976221815458,0.005768976221815458,0.006369529593519008,0.006369529593519008,0.006790076251688087,0.006790076251688087,0.0074057629311666505,0.0074057629311666505,0.007671790552053926,0.007671790552053926,0.007858169184651568,0.007858169184651568,0.0077140045158473934,0.0077140045158473934,0.007896400699030595,0.007896400699030595,0.007081591548827986,0.007081591548827986,0.004781328767024469,0.004781328767024469,0.004613269401733392,0.004613269401733392,0.003012324737112534,0.003012324737112534,0.0026148762855474398,0.0026148762855474398,0.002457171288734039,0.002457171288734039,0.00229866980203773,0.00229866980203773,0.002176010360071786,0.002176010360071786,0.0020764491247097752,0.0020764491247097752,0.002035828140682083,0.002035828140682083,0.0019163546582476904,0.0019163546582476904,0.001859803876562056,0.001859803876562056,0.0016853725922078662,0.0016853725922078662,0.0016879437174438649,0.0016879437174438649,0.001619329807030576,0.001619329807030576,0.0014460583237339442,0.0014460583237339442,0.00130392779826477,0.00130392779826477,0.001380582463686339,0.001380582463686339,0.001264003493357722,0.001264003493357722,0.0011290593427718135,0.0011290593427718135,0.0010755607741963658,0.0010755607741963658,0.0009837348729100925,0.0009837348729100925,0.0009254453877457941,0.0009254453877457941,0.0008812891065185858,0.0008812891065185858,0.0008703498469740424,0.0008703498469740424,0.0007638318014819687,0.0007638318014819687,0.0007754896985148365,0.0007754896985148365,0.000727101440967488,0.000727101440967488,0.0006820668250323001,0.0006820668250323001,0.0006387090299032437,0.0006387090299032437,0.0005737122615145627,0.0005737122615145627,0.0005036051820977211,0.0005036051820977211,0.0005303544663854654,0.0005303544663854654,0.0005056513027242125,0.0005056513027242125,0.0004052316948066995,0.0004052316948066995,0.00048028938803200584,0.00048028938803200584,0.0003918969769677616,0.0003918969769677616,0.0003585202580654621,0.0003585202580654621,0.000323546566966838,0.000323546566966838,0.00033520446399972636,0.00033520446399972636,0.0002685308748049343,0.0002685308748049343,0.0002618235915805311,0.0002618235915805311,0.00024513523212939156,0.00024513523212939156,0.0002034542578064053,0.0002034542578064053,0.00022600550143317183,0.00022600550143317183,0.00019842379538811313,0.00019842379538811313,0.00017007753890410575,0.00017007753890410575,0.00017678482212846796,0.00017678482212846796,0.00017678482212848848,0.00017678482212848848,0.00014676174483837004,0.00014676174483837004,0.00013175020619332107,0.00013175020619332107,0.0001334270269994116,0.0001334270269994116,0.00010005030809711209,0.00010005030809711209,0.00006670552863871076,0.00006670552863871076,0.00007641991050871259,0.00007641991050871259,0.00007837939539354823,0.00007837939539354823,0.0000617070056643783,0.0000617070056643783,0.00005003313890952034,0.00005003313890952034,0.0000617070056643578,0.0000617070056643578,0.000028354241345002427,0.000028354241345002427,0.00003502160026449188,0.00003502160026449188,0.00003335276431935538,0.00003335276431935538,0.000026685405399886423,0.000026685405399886423,0.000023347733509654422,0.000023347733509654422,0.00002926471511839427,0.00002926471511839427,0.000025016569454770423,0.000025016569454770423,0.000016680374590185465,0.000016680374590185465,5.003313890958184e-6,5.003313890958184e-6,8.336194864584957e-6,8.336194864584957e-6,0.000016680374590185465,0.000016680374590185465,1.6680374590185464e-6,1.6680374590185464e-6,6.670552863858776e-6,6.670552863858776e-6,8.336194864605457e-6,8.336194864605457e-6,8.336194864584957e-6,8.336194864584957e-6,4.878231043683205e-6,4.878231043683205e-6,1.668037458998047e-6,1.668037458998047e-6,5.003313890958184e-6,5.003313890958184e-6,5.003313890958184e-6,5.003313890958184e-6,3.335276431939638e-6,3.335276431939638e-6,1.6680374590185464e-6,1.6680374590185464e-6,1.668037458998047e-6,1.668037458998047e-6,0.,0.,0.,0.,0.,0.,0.,0.,0.,0.,0.,0.,0.,0.,0.,0.,0.